{"absa_model": "mem", "dataset": "laptop", "learning_rate": 0.0011, "dropout_rate": 0.1, "n_epoch": 30, "bs": 32, "patience": 8, "seeds": [131, 137, 257, 511, 1013, 2047, 4095, 8097], "valset_ratio": 0.2, "ids": [29333, 26711, 57265, 32189, 35805, 26859, 60196, 62996, 11524, 26914, 48784, 42510, 63512, 35605, 54378, 65688, 13522, 13887, 35099, 35350, 62967, 66335, 22215, 29672, 54600, 8874, 22115, 35476, 31913, 65472, 21619, 35005, 56528, 32198, 14585, 63139, 11071, 49032, 24295, 16247, 22257, 63752, 8325, 51362, 27479, 34480, 35026, 59536, 8790, 66414, 42346, 60457, 53738, 3999, 6824, 66478, 16194, 3574, 51510, 51080, 11081, 48524, 32197, 34506, 60862, 8312, 63208, 13830, 63191, 35071, 34497, 32562, 14406, 63057, 10935, 8468, 63067, 27495, 29447, 62783, 54143, 60018, 48235, 60349, 35482, 29579, 63356, 3950, 6735, 60427, 48202, 62972, 42588, 54014, 57449, 29796, 8962, 16954, 57179, 56680, 51498, 11678, 66186, 24159, 43221, 42052, 35402, 34881, 66140, 58944, 48483, 51701, 29775, 58982, 45356, 31617, 35245, 66356, 14104, 26786, 8440, 26700, 3919, 21876, 58732, 9285, 48803, 32316, 6929, 60094, 57335, 17097, 7141, 63746, 59085, 54834, 29891, 45736, 16940, 32266, 54505, 51753, 56936, 62807, 24609, 6816, 66525, 54398, 13620, 62889, 29290, 17034, 56668, 35525, 60359, 63509, 26923, 54426, 24825, 8952, 57125, 56558, 63500, 4404, 59804, 56733, 54122, 31710, 56535, 56844, 35258, 35416, 35361, 22391, 46028, 63733, 8689, 65438, 14548, 11862, 57375, 26658, 3586, 66496, 63368, 9231, 54853, 7179, 59907, 34429, 63080, 16291, 53836, 22240, 40210, 16289, 57122, 8278, 34898, 34853, 32537, 32288, 54735, 57239, 6246, 65441, 57369, 60610, 24821, 34806, 16796, 3735, 24241, 54161, 54729, 59548, 65836, 8213, 31675, 66446, 16151, 34592, 48645, 13717, 60064, 35448, 13578, 58840, 32514, 16568, 57603, 31921, 42392, 11309, 56627, 13845, 62869, 6513, 26968, 11919, 48743, 34958, 8985, 6919, 35261, 42294, 59425, 24780, 32411, 3660, 53600, 65436, 14497, 26911, 4002, 59505, 16482, 9288, 24242, 39427, 8841, 24819, 60980, 39168, 66202, 35343, 26867, 7281, 42290, 60704, 60554, 34755, 57251, 27326, 42982, 6490, 35639, 65435, 45053, 26450, 42057, 11618, 51541, 63301, 63450, 45948, 21299, 17038, 3673, 42100, 35028, 6543], "method": "bleu_select_1_0.2", "chat_model": "complex_0.8", "outcomes": [{"seed": 131, "test_acc": 0.670846394984326, "test_f1": 0.5632648001723013, "epoch": 14}, {"seed": 137, "test_acc": 0.6927899686520376, "test_f1": 0.6229285512517523, "epoch": 22}, {"seed": 257, "test_acc": 0.6849529780564263, "test_f1": 0.6128739625213301, "epoch": 29}, {"seed": 511, "test_acc": 0.658307210031348, "test_f1": 0.560942760942761, "epoch": 9}, {"seed": 1013, "test_acc": 0.6833855799373041, "test_f1": 0.5889305542383144, "epoch": 12}, {"seed": 2047, "test_acc": 0.670846394984326, "test_f1": 0.5756506082113769, "epoch": 12}, {"seed": 4095, "test_acc": 0.6724137931034483, "test_f1": 0.5986854927396338, "epoch": 14}, {"seed": 8097, "test_acc": 0.6661442006269592, "test_f1": 0.5848285552065126, "epoch": 15}]}